,State,Year,Type,Value
0,CA,2016,Drivers,26199436.0
1,TX,2016,Drivers,16162382.0
2,FL,2016,Drivers,14675160.0
3,GA,2016,Drivers,6975900.0
4,NC,2016,Drivers,7267042.0
5,OH,2016,Drivers,7974951.0
6,PA,2016,Drivers,8996815.0
7,IL,2016,Drivers,8514644.0
8,TN,2016,Drivers,5197904.0
9,MI,2016,Drivers,7074674.0
10,NY,2016,Drivers,11947568.0
11,SC,2016,Drivers,3746681.0
12,AZ,2016,Drivers,5082305.0
13,MO,2016,Drivers,4249579.0
14,AL,2016,Drivers,3943082.0
15,IN,2016,Drivers,4553259.0
16,VA,2016,Drivers,5912048.0
17,KY,2016,Drivers,3031447.0
18,LA,2016,Drivers,3395095.0
19,OK,2016,Drivers,2498178.0
20,MS,2016,Drivers,2018862.0
21,CO,2016,Drivers,4066580.0
22,NJ,2016,Drivers,6238436.0
23,WI,2016,Drivers,4206770.0
24,WA,2016,Drivers,5635715.0
25,MD,2016,Drivers,4264875.0
26,AR,2016,Drivers,2391103.0
27,KS,2016,Drivers,2030025.0
28,OR,2016,Drivers,2855746.0
29,MN,2016,Drivers,3377910.0
30,NM,2016,Drivers,1521785.0
31,MA,2016,Drivers,5040662.0
32,IA,2016,Drivers,2245640.0
33,NV,2016,Drivers,1872376.0
34,WV,2016,Drivers,1159348.0
35,CT,2016,Drivers,2611007.0
36,UT,2016,Drivers,1960366.0
37,ID,2016,Drivers,1160922.0
38,NE,2016,Drivers,1404479.0
39,MT,2016,Drivers,797145.0
40,ME,2016,Drivers,1021332.0
41,DE,2016,Drivers,756328.0
42,SD,2016,Drivers,622663.0
43,ND,2016,Drivers,555935.0
44,WY,2016,Drivers,421098.0
45,NH,2016,Drivers,1096234.0
46,HI,2016,Drivers,
47,RI,2016,Drivers,753143.0
48,AK,2016,Drivers,
49,VT,2016,Drivers,553670.0
50,DC,2016,Drivers,489831.0
51,CA,2017,Drivers,26777132.0
52,TX,2017,Drivers,17099340.0
53,FL,2017,Drivers,15076358.0
54,GA,2017,Drivers,7060344.0
55,NC,2017,Drivers,7389467.0
56,OH,2017,Drivers,8011705.0
57,PA,2017,Drivers,8964855.0
58,IL,2017,Drivers,8529404.0
59,TN,2017,Drivers,5377653.0
60,MI,2017,Drivers,7095778.0
61,NY,2017,Drivers,12185313.0
62,SC,2017,Drivers,3810962.0
63,AZ,2017,Drivers,5164966.0
64,MO,2017,Drivers,4274784.0
65,AL,2017,Drivers,3954378.0
66,IN,2017,Drivers,4553584.0
67,VA,2017,Drivers,5926430.0
68,KY,2017,Drivers,3019008.0
69,LA,2017,Drivers,3425656.0
70,OK,2017,Drivers,2505989.0
71,MS,2017,Drivers,2053924.0
72,CO,2017,Drivers,4156138.0
73,NJ,2017,Drivers,6301363.0
74,WI,2017,Drivers,4234793.0
75,WA,2017,Drivers,5768281.0
76,MD,2017,Drivers,4329503.0
77,AR,2017,Drivers,2417464.0
78,KS,2017,Drivers,2029869.0
79,OR,2017,Drivers,2910592.0
80,MN,2017,Drivers,3394815.0
81,NM,2017,Drivers,1473262.0
82,MA,2017,Drivers,4935176.0
83,IA,2017,Drivers,2246829.0
84,NV,2017,Drivers,1918305.0
85,WV,2017,Drivers,1148786.0
86,CT,2017,Drivers,2586994.0
87,UT,2017,Drivers,1995377.0
88,ID,2017,Drivers,1190367.0
89,NE,2017,Drivers,1404479.0
90,MT,2017,Drivers,807259.0
91,ME,2017,Drivers,1032703.0
92,DE,2017,Drivers,770512.0
93,SD,2017,Drivers,628506.0
94,ND,2017,Drivers,561667.0
95,WY,2017,Drivers,422465.0
96,NH,2017,Drivers,1103624.0
97,HI,2017,Drivers,
98,RI,2017,Drivers,753202.0
99,AK,2017,Drivers,
100,VT,2017,Drivers,560247.0
101,DC,2017,Drivers,521056.0
102,CA,2018,Drivers,27039400.0
103,TX,2018,Drivers,17370383.0
104,FL,2018,Drivers,15368695.0
105,GA,2018,Drivers,7168733.0
106,NC,2018,Drivers,7509231.0
107,PA,2018,Drivers,8991370.0
108,OH,2018,Drivers,8032665.0
109,TN,2018,Drivers,5422429.0
110,SC,2018,Drivers,3846069.0
111,IL,2018,Drivers,8714788.0
112,AZ,2018,Drivers,5284970.0
113,NY,2018,Drivers,12194360.0
114,MI,2018,Drivers,7153645.0
115,AL,2018,Drivers,3999057.0
116,MO,2018,Drivers,4272960.0
117,VA,2018,Drivers,5929031.0
118,IN,2018,Drivers,4589405.0
119,LA,2018,Drivers,3425435.0
120,KY,2018,Drivers,3032530.0
121,OK,2018,Drivers,2504253.0
122,MS,2018,Drivers,2058036.0
123,CO,2018,Drivers,4244713.0
124,WI,2018,Drivers,4288171.0
125,NJ,2018,Drivers,6342876.0
126,WA,2018,Drivers,5909967.0
127,MD,2018,Drivers,2915207.0
128,AR,2018,Drivers,2145334.0
129,OR,2018,Drivers,2930702.0
130,KS,2018,Drivers,2149430.0
131,NM,2018,Drivers,1458433.0
132,MN,2018,Drivers,3391057.0
133,MA,2018,Drivers,4944666.0
134,NV,2018,Drivers,1983453.0
135,IA,2018,Drivers,2260271.0
136,CT,2018,Drivers,2605612.0
137,WV,2018,Drivers,1136775.0
138,UT,2018,Drivers,2030644.0
139,ID,2018,Drivers,1252535.0
140,NE,2018,Drivers,1420317.0
141,MT,2018,Drivers,806204.0
142,NH,2018,Drivers,1161665.0
143,ME,2018,Drivers,1040582.0
144,HI,2018,Drivers,
145,SD,2018,Drivers,638428.0
146,DE,2018,Drivers,786504.0
147,WY,2018,Drivers,419256.0
148,ND,2018,Drivers,561333.0
149,AK,2018,Drivers,
150,VT,2018,Drivers,564892.0
151,RI,2018,Drivers,756966.0
152,DC,2018,Drivers,527731.0
153,CA,2019,Drivers,27213650.0
154,TX,2019,Drivers,17822760.0
155,FL,2019,Drivers,15560628.0
156,GA,2019,Drivers,7261266.0
157,NC,2019,Drivers,7620001.0
158,TN,2019,Drivers,4786973.0
159,OH,2019,Drivers,8032792.0
160,PA,2019,Drivers,8987676.0
161,IL,2019,Drivers,8546932.0
162,SC,2019,Drivers,3877968.0
163,AZ,2019,Drivers,5369210.0
164,MI,2019,Drivers,7141494.0
165,NY,2019,Drivers,12194360.0
166,AL,2019,Drivers,4026151.0
167,MO,2019,Drivers,4274389.0
168,VA,2019,Drivers,5888196.0
169,IN,2019,Drivers,4589405.0
170,LA,2019,Drivers,3435168.0
171,KY,2019,Drivers,3030329.0
172,OK,2019,Drivers,2522670.0
173,MS,2019,Drivers,2058036.0
174,CO,2019,Drivers,4235384.0
175,WI,2019,Drivers,4296646.0
176,NJ,2019,Drivers,6377413.0
177,WA,2019,Drivers,5711136.0
178,MD,2019,Drivers,4463862.0
179,AR,2019,Drivers,2153929.0
180,OR,2019,Drivers,3002014.0
181,NM,2019,Drivers,1449711.0
182,KS,2019,Drivers,2154260.0
183,MN,2019,Drivers,4273027.0
184,MA,2019,Drivers,4950056.0
185,IA,2019,Drivers,2274431.0
186,NV,2019,Drivers,2054421.0
187,WV,2019,Drivers,1130389.0
188,CT,2019,Drivers,2608061.0
189,UT,2019,Drivers,2121099.0
190,NE,2019,Drivers,1430818.0
191,ID,2019,Drivers,1252535.0
192,MT,2019,Drivers,811851.0
193,ME,2019,Drivers,1046129.0
194,DE,2019,Drivers,812529.0
195,WY,2019,Drivers,424115.0
196,HI,2019,Drivers,
197,ND,2019,Drivers,556064.0
198,NH,2019,Drivers,1195211.0
199,SD,2019,Drivers,648663.0
200,AK,2019,Drivers,
201,RI,2019,Drivers,761046.0
202,VT,2019,Drivers,472633.0
203,DC,2019,Drivers,535579.0
204,CA,2020,Drivers,27005302.0
205,TX,2020,Drivers,17667039.0
206,FL,2020,Drivers,15715373.0
207,GA,2020,Drivers,7521750.0
208,NC,2020,Drivers,7637400.0
209,OH,2020,Drivers,8100273.0
210,TN,2020,Drivers,4877268.0
211,IL,2020,Drivers,8225298.0
212,PA,2020,Drivers,8930677.0
213,MI,2020,Drivers,7026650.0
214,AZ,2020,Drivers,5681495.0
215,SC,2020,Drivers,3905911.0
216,NY,2020,Drivers,12194360.0
217,MO,2020,Drivers,4259672.0
218,AL,2020,Drivers,4042900.0
219,IN,2020,Drivers,4532708.0
220,VA,2020,Drivers,5909716.0
221,LA,2020,Drivers,3416648.0
222,KY,2020,Drivers,2905632.0
223,MS,2020,Drivers,2017111.0
224,OK,2020,Drivers,2550560.0
225,AR,2020,Drivers,2153929.0
226,CO,2020,Drivers,4299447.0
227,WI,2020,Drivers,4315892.0
228,NJ,2020,Drivers,6230912.0
229,MD,2020,Drivers,4454266.0
230,WA,2020,Drivers,5812500.0
231,OR,2020,Drivers,2944828.0
232,KS,2020,Drivers,2004302.0
233,MN,2020,Drivers,4090264.0
234,NM,2020,Drivers,1473219.0
235,MA,2020,Drivers,4940373.0
236,IA,2020,Drivers,2268916.0
237,NV,2020,Drivers,2056394.0
238,CT,2020,Drivers,2508670.0
239,UT,2020,Drivers,2149766.0
240,WV,2020,Drivers,1101775.0
241,NE,2020,Drivers,1438821.0
242,MT,2020,Drivers,826754.0
243,ID,2020,Drivers,1285331.0
244,ME,2020,Drivers,1047893.0
245,SD,2020,Drivers,658091.0
246,WY,2020,Drivers,427233.0
247,DE,2020,Drivers,829226.0
248,NH,2020,Drivers,1060381.0
249,ND,2020,Drivers,539006.0
250,HI,2020,Drivers,
251,RI,2020,Drivers,731715.0
252,VT,2020,Drivers,460871.0
253,AK,2020,Drivers,
254,DC,2020,Drivers,520865.0
255,TX,2021,Drivers,18297900.0
256,CA,2021,Drivers,27112595.0
257,FL,2021,Drivers,16144302.0
258,GA,2021,Drivers,7663847.0
259,NC,2021,Drivers,7765109.0
260,OH,2021,Drivers,8283546.0
261,TN,2021,Drivers,5009697.0
262,IL,2021,Drivers,8364843.0
263,PA,2021,Drivers,9098570.0
264,SC,2021,Drivers,3990909.0
265,NY,2021,Drivers,11879057.0
266,MI,2021,Drivers,7982471.0
267,AZ,2021,Drivers,5795216.0
268,MO,2021,Drivers,4275228.0
269,VA,2021,Drivers,5912644.0
270,LA,2021,Drivers,3437733.0
271,AL,2021,Drivers,4061837.0
272,IN,2021,Drivers,4636114.0
273,KY,2021,Drivers,2980331.0
274,MS,2021,Drivers,2032775.0
275,OK,2021,Drivers,2597441.0
276,NJ,2021,Drivers,6461950.0
277,CO,2021,Drivers,4411587.0
278,AR,2021,Drivers,2306921.0
279,WA,2021,Drivers,5868509.0
280,WI,2021,Drivers,4340851.0
281,OR,2021,Drivers,3029912.0
282,MD,2021,Drivers,4439757.0
283,MN,2021,Drivers,4143272.0
284,NM,2021,Drivers,1477213.0
285,MA,2021,Drivers,4899931.0
286,KS,2021,Drivers,2089707.0
287,NV,2021,Drivers,2150707.0
288,IA,2021,Drivers,2345355.0
289,UT,2021,Drivers,2207208.0
290,CT,2021,Drivers,2606396.0
291,WV,2021,Drivers,1138290.0
292,ID,2021,Drivers,1343453.0
293,MT,2021,Drivers,856696.0
294,NE,2021,Drivers,1438842.0
295,ME,2021,Drivers,1056535.0
296,DE,2021,Drivers,848504.0
297,SD,2021,Drivers,671149.0
298,NH,2021,Drivers,1174826.0
299,WY,2021,Drivers,430472.0
300,HI,2021,Drivers,
301,ND,2021,Drivers,549721.0
302,VT,2021,Drivers,469624.0
303,RI,2021,Drivers,754507.0
304,AK,2021,Drivers,
305,DC,2021,Drivers,510985.0
306,CA,2016,Accidents,140452.0
307,TX,2016,Accidents,49769.0
308,FL,2016,Accidents,37060.0
309,GA,2016,Accidents,13249.0
310,NC,2016,Accidents,6147.0
311,OH,2016,Accidents,11331.0
312,PA,2016,Accidents,21232.0
313,IL,2016,Accidents,17079.0
314,TN,2016,Accidents,1688.0
315,MI,2016,Accidents,16652.0
316,NY,2016,Accidents,20097.0
317,SC,2016,Accidents,3015.0
318,AZ,2016,Accidents,2770.0
319,MO,2016,Accidents,3758.0
320,AL,2016,Accidents,135.0
321,IN,2016,Accidents,1623.0
322,VA,2016,Accidents,6493.0
323,KY,2016,Accidents,1068.0
324,LA,2016,Accidents,849.0
325,OK,2016,Accidents,570.0
326,MS,2016,Accidents,402.0
327,CO,2016,Accidents,1324.0
328,NJ,2016,Accidents,7953.0
329,WI,2016,Accidents,1562.0
330,WA,2016,Accidents,9315.0
331,MD,2016,Accidents,7542.0
332,AR,2016,Accidents,26.0
333,KS,2016,Accidents,762.0
334,OR,2016,Accidents,1026.0
335,MN,2016,Accidents,2567.0
336,NM,2016,Accidents,153.0
337,MA,2016,Accidents,5200.0
338,IA,2016,Accidents,2005.0
339,NV,2016,Accidents,1357.0
340,WV,2016,Accidents,429.0
341,CT,2016,Accidents,4210.0
342,UT,2016,Accidents,968.0
343,ID,2016,Accidents,419.0
344,NE,2016,Accidents,5811.0
345,MT,2016,Accidents,62.0
346,ME,2016,Accidents,135.0
347,DE,2016,Accidents,281.0
348,SD,2016,Accidents,8.0
349,ND,2016,Accidents,3.0
350,WY,2016,Accidents,69.0
351,NH,2016,Accidents,315.0
352,HI,2016,Accidents,
353,RI,2016,Accidents,1409.0
354,AK,2016,Accidents,
355,VT,2016,Accidents,17.0
356,DC,2016,Accidents,454.0
357,CA,2017,Accidents,152748.0
358,TX,2017,Accidents,85588.0
359,FL,2017,Accidents,60706.0
360,GA,2017,Accidents,22071.0
361,NC,2017,Accidents,34108.0
362,OH,2017,Accidents,13656.0
363,PA,2017,Accidents,26905.0
364,IL,2017,Accidents,25310.0
365,TN,2017,Accidents,11017.0
366,MI,2017,Accidents,27469.0
367,NY,2017,Accidents,36986.0
368,SC,2017,Accidents,28333.0
369,AZ,2017,Accidents,12329.0
370,MO,2017,Accidents,7386.0
371,AL,2017,Accidents,2904.0
372,IN,2017,Accidents,6947.0
373,VA,2017,Accidents,20743.0
374,KY,2017,Accidents,3282.0
375,LA,2017,Accidents,12233.0
376,OK,2017,Accidents,9758.0
377,MS,2017,Accidents,1037.0
378,CO,2017,Accidents,7105.0
379,NJ,2017,Accidents,14110.0
380,WI,2017,Accidents,4111.0
381,WA,2017,Accidents,18497.0
382,MD,2017,Accidents,12341.0
383,AR,2017,Accidents,134.0
384,KS,2017,Accidents,1737.0
385,OR,2017,Accidents,6175.0
386,MN,2017,Accidents,10434.0
387,NM,2017,Accidents,1140.0
388,MA,2017,Accidents,9046.0
389,IA,2017,Accidents,3016.0
390,NV,2017,Accidents,2504.0
391,WV,2017,Accidents,700.0
392,CT,2017,Accidents,6742.0
393,UT,2017,Accidents,4652.0
394,ID,2017,Accidents,368.0
395,NE,2017,Accidents,6203.0
396,MT,2017,Accidents,133.0
397,ME,2017,Accidents,591.0
398,DE,2017,Accidents,891.0
399,SD,2017,Accidents,12.0
400,ND,2017,Accidents,4.0
401,WY,2017,Accidents,112.0
402,NH,2017,Accidents,2036.0
403,HI,2017,Accidents,
404,RI,2017,Accidents,2865.0
405,AK,2017,Accidents,
406,VT,2017,Accidents,155.0
407,DC,2017,Accidents,763.0
408,CA,2018,Accidents,156898.0
409,TX,2018,Accidents,84111.0
410,FL,2018,Accidents,65781.0
411,GA,2018,Accidents,24632.0
412,NC,2018,Accidents,56262.0
413,PA,2018,Accidents,22230.0
414,OH,2018,Accidents,17659.0
415,TN,2018,Accidents,24474.0
416,SC,2018,Accidents,56358.0
417,IL,2018,Accidents,24088.0
418,AZ,2018,Accidents,22706.0
419,NY,2018,Accidents,38050.0
420,MI,2018,Accidents,24325.0
421,AL,2018,Accidents,14100.0
422,MO,2018,Accidents,8785.0
423,VA,2018,Accidents,27043.0
424,IN,2018,Accidents,13708.0
425,LA,2018,Accidents,20430.0
426,KY,2018,Accidents,7952.0
427,OK,2018,Accidents,20488.0
428,MS,2018,Accidents,2539.0
429,CO,2018,Accidents,14149.0
430,WI,2018,Accidents,5039.0
431,NJ,2018,Accidents,14990.0
432,WA,2018,Accidents,18984.0
433,MD,2018,Accidents,11019.0
434,AR,2018,Accidents,598.0
435,OR,2018,Accidents,22520.0
436,KS,2018,Accidents,2406.0
437,NM,2018,Accidents,2112.0
438,MN,2018,Accidents,20227.0
439,MA,2018,Accidents,9427.0
440,NV,2018,Accidents,2663.0
441,IA,2018,Accidents,2483.0
442,CT,2018,Accidents,6421.0
443,WV,2018,Accidents,671.0
444,UT,2018,Accidents,11187.0
445,ID,2018,Accidents,419.0
446,NE,2018,Accidents,5850.0
447,MT,2018,Accidents,152.0
448,NH,2018,Accidents,2511.0
449,ME,2018,Accidents,703.0
450,HI,2018,Accidents,
451,SD,2018,Accidents,13.0
452,DE,2018,Accidents,1644.0
453,WY,2018,Accidents,198.0
454,ND,2018,Accidents,19.0
455,AK,2018,Accidents,
456,VT,2018,Accidents,188.0
457,RI,2018,Accidents,3259.0
458,DC,2018,Accidents,955.0
459,CA,2019,Accidents,213455.0
460,TX,2019,Accidents,78718.0
461,FL,2019,Accidents,60313.0
462,GA,2019,Accidents,23718.0
463,NC,2019,Accidents,45999.0
464,TN,2019,Accidents,21135.0
465,OH,2019,Accidents,13235.0
466,PA,2019,Accidents,20100.0
467,IL,2019,Accidents,19969.0
468,SC,2019,Accidents,58997.0
469,AZ,2019,Accidents,24529.0
470,MI,2019,Accidents,20360.0
471,NY,2019,Accidents,42967.0
472,AL,2019,Accidents,19238.0
473,MO,2019,Accidents,9133.0
474,VA,2019,Accidents,25714.0
475,IN,2019,Accidents,7772.0
476,LA,2019,Accidents,18980.0
477,KY,2019,Accidents,6832.0
478,OK,2019,Accidents,20483.0
479,MS,2019,Accidents,1984.0
480,CO,2019,Accidents,17620.0
481,WI,2019,Accidents,6889.0
482,NJ,2019,Accidents,13018.0
483,WA,2019,Accidents,14718.0
484,MD,2019,Accidents,12462.0
485,AR,2019,Accidents,991.0
486,OR,2019,Accidents,41198.0
487,NM,2019,Accidents,1616.0
488,KS,2019,Accidents,1995.0
489,MN,2019,Accidents,29607.0
490,MA,2019,Accidents,9349.0
491,IA,2019,Accidents,2842.0
492,NV,2019,Accidents,3001.0
493,WV,2019,Accidents,473.0
494,CT,2019,Accidents,5457.0
495,UT,2019,Accidents,24761.0
496,NE,2019,Accidents,4645.0
497,ID,2019,Accidents,554.0
498,MT,2019,Accidents,157.0
499,ME,2019,Accidents,636.0
500,DE,2019,Accidents,1620.0
501,WY,2019,Accidents,112.0
502,HI,2019,Accidents,
503,ND,2019,Accidents,17.0
504,NH,2019,Accidents,2219.0
505,SD,2019,Accidents,27.0
506,AK,2019,Accidents,
507,RI,2019,Accidents,2976.0
508,VT,2019,Accidents,225.0
509,DC,2019,Accidents,1487.0
510,CA,2020,Accidents,285532.0
511,TX,2020,Accidents,73488.0
512,FL,2020,Accidents,130362.0
513,GA,2020,Accidents,23427.0
514,NC,2020,Accidents,48633.0
515,OH,2020,Accidents,17240.0
516,TN,2020,Accidents,28463.0
517,IL,2020,Accidents,25007.0
518,PA,2020,Accidents,43189.0
519,MI,2020,Accidents,15763.0
520,AZ,2020,Accidents,29535.0
521,SC,2020,Accidents,62789.0
522,NY,2020,Accidents,48805.0
523,MO,2020,Accidents,10372.0
524,AL,2020,Accidents,20185.0
525,IN,2020,Accidents,7806.0
526,VA,2020,Accidents,44803.0
527,LA,2020,Accidents,26342.0
528,KY,2020,Accidents,5568.0
529,MS,2020,Accidents,2019.0
530,OK,2020,Accidents,13590.0
531,AR,2020,Accidents,3090.0
532,CO,2020,Accidents,13889.0
533,WI,2020,Accidents,3933.0
534,NJ,2020,Accidents,18590.0
535,MD,2020,Accidents,24351.0
536,WA,2020,Accidents,13211.0
537,OR,2020,Accidents,34452.0
538,KS,2020,Accidents,2644.0
539,MN,2020,Accidents,39193.0
540,NM,2020,Accidents,1436.0
541,MA,2020,Accidents,11101.0
542,IA,2020,Accidents,3649.0
543,NV,2020,Accidents,2442.0
544,CT,2020,Accidents,9341.0
545,UT,2020,Accidents,16192.0
546,WV,2020,Accidents,1171.0
547,NE,2020,Accidents,2493.0
548,MT,2020,Accidents,2450.0
549,ID,2020,Accidents,2319.0
550,ME,2020,Accidents,281.0
551,SD,2020,Accidents,160.0
552,WY,2020,Accidents,29.0
553,DE,2020,Accidents,2478.0
554,NH,2020,Accidents,1496.0
555,ND,2020,Accidents,399.0
556,HI,2020,Accidents,
557,RI,2020,Accidents,2387.0
558,VT,2020,Accidents,186.0
559,AK,2020,Accidents,
560,DC,2020,Accidents,2632.0
561,TX,2021,Accidents,101830.0
562,CA,2021,Accidents,341876.0
563,FL,2021,Accidents,240608.0
564,GA,2021,Accidents,20551.0
565,NC,2021,Accidents,65750.0
566,OH,2021,Accidents,14230.0
567,TN,2021,Accidents,39231.0
568,IL,2021,Accidents,28454.0
569,PA,2021,Accidents,71520.0
570,SC,2021,Accidents,79651.0
571,NY,2021,Accidents,55470.0
572,MI,2021,Accidents,23678.0
573,AZ,2021,Accidents,33075.0
574,MO,2021,Accidents,15662.0
575,VA,2021,Accidents,67768.0
576,LA,2021,Accidents,33999.0
577,AL,2021,Accidents,23510.0
578,IN,2021,Accidents,13376.0
579,KY,2021,Accidents,4765.0
580,MS,2021,Accidents,3441.0
581,OK,2021,Accidents,9194.0
582,NJ,2021,Accidents,25093.0
583,CO,2021,Accidents,11576.0
584,AR,2021,Accidents,7384.0
585,WA,2021,Accidents,16093.0
586,WI,2021,Accidents,3030.0
587,OR,2021,Accidents,38231.0
588,MD,2021,Accidents,32153.0
589,MN,2021,Accidents,42753.0
590,NM,2021,Accidents,2344.0
591,MA,2021,Accidents,11464.0
592,KS,2021,Accidents,3970.0
593,NV,2021,Accidents,4253.0
594,IA,2021,Accidents,6951.0
595,UT,2021,Accidents,19621.0
596,CT,2021,Accidents,16172.0
597,WV,2021,Accidents,3802.0
598,ID,2021,Accidents,4763.0
599,MT,2021,Accidents,9316.0
600,NE,2021,Accidents,2301.0
601,ME,2021,Accidents,243.0
602,DE,2021,Accidents,3941.0
603,SD,2021,Accidents,32.0
604,NH,2021,Accidents,1128.0
605,WY,2021,Accidents,744.0
606,HI,2021,Accidents,
607,ND,2021,Accidents,1529.0
608,VT,2021,Accidents,117.0
609,RI,2021,Accidents,2425.0
610,AK,2021,Accidents,
611,DC,2021,Accidents,4685.0
612,CA,2016,Rel_accident,186.53658189274628
613,TX,2016,Rel_accident,324.7479756474914
614,FL,2016,Rel_accident,395.9838100377766
615,GA,2016,Rel_accident,526.5227564344478
616,NC,2016,Rel_accident,1182.20953310558
617,OH,2016,Rel_accident,703.8170505692349
618,PA,2016,Rel_accident,423.73846081386586
619,IL,2016,Rel_accident,498.5446454710463
620,TN,2016,Rel_accident,3079.3270142180095
621,MI,2016,Rel_accident,424.85431179437904
622,NY,2016,Rel_accident,594.4950987709608
623,SC,2016,Rel_accident,1242.6802653399668
624,AZ,2016,Rel_accident,1834.7671480144404
625,MO,2016,Rel_accident,1130.8086748270357
626,AL,2016,Rel_accident,29208.014814814815
627,IN,2016,Rel_accident,2805.4584103512016
628,VA,2016,Rel_accident,910.5264130602187
629,KY,2016,Rel_accident,2838.433520599251
630,LA,2016,Rel_accident,3998.934040047114
631,OK,2016,Rel_accident,4382.768421052631
632,MS,2016,Rel_accident,5022.044776119403
633,CO,2016,Rel_accident,3071.4350453172206
634,NJ,2016,Rel_accident,784.4129259398969
635,WI,2016,Rel_accident,2693.1946222791294
636,WA,2016,Rel_accident,605.0150295222759
637,MD,2016,Rel_accident,565.4832935560859
638,AR,2016,Rel_accident,91965.5
639,KS,2016,Rel_accident,2664.0748031496064
640,OR,2016,Rel_accident,2783.3781676413255
641,MN,2016,Rel_accident,1315.8979353330735
642,NM,2016,Rel_accident,9946.307189542484
643,MA,2016,Rel_accident,969.358076923077
644,IA,2016,Rel_accident,1120.0199501246882
645,NV,2016,Rel_accident,1379.7907148120855
646,WV,2016,Rel_accident,2702.4428904428905
647,CT,2016,Rel_accident,620.1916864608075
648,UT,2016,Rel_accident,2025.1714876033059
649,ID,2016,Rel_accident,2770.6968973747016
650,NE,2016,Rel_accident,241.69316812940974
651,MT,2016,Rel_accident,12857.177419354839
652,ME,2016,Rel_accident,7565.422222222222
653,DE,2016,Rel_accident,2691.55871886121
654,SD,2016,Rel_accident,77832.875
655,ND,2016,Rel_accident,185311.66666666666
656,WY,2016,Rel_accident,6102.869565217391
657,NH,2016,Rel_accident,3480.1079365079363
658,HI,2016,Rel_accident,
659,RI,2016,Rel_accident,534.5230660042583
660,AK,2016,Rel_accident,
661,VT,2016,Rel_accident,32568.823529411766
662,DC,2016,Rel_accident,1078.9229074889868
663,CA,2017,Rel_accident,175.30266844737739
664,TX,2017,Rel_accident,199.7866523344394
665,FL,2017,Rel_accident,248.3503772279511
666,GA,2017,Rel_accident,319.89234742422184
667,NC,2017,Rel_accident,216.64908525859036
668,OH,2017,Rel_accident,586.6802138254247
669,PA,2017,Rel_accident,333.2040512915815
670,IL,2017,Rel_accident,336.99739233504545
671,TN,2017,Rel_accident,488.1231732776618
672,MI,2017,Rel_accident,258.31948742218503
673,NY,2017,Rel_accident,329.4574433569459
674,SC,2017,Rel_accident,134.50612360145414
675,AZ,2017,Rel_accident,418.92821802254844
676,MO,2017,Rel_accident,578.7684809098295
677,AL,2017,Rel_accident,1361.7004132231405
678,IN,2017,Rel_accident,655.4748812437023
679,VA,2017,Rel_accident,285.70746757942436
680,KY,2017,Rel_accident,919.8683729433272
681,LA,2017,Rel_accident,280.0340063761955
682,OK,2017,Rel_accident,256.813793810207
683,MS,2017,Rel_accident,1980.6403085824493
684,CO,2017,Rel_accident,584.9596059113301
685,NJ,2017,Rel_accident,446.5884479092842
686,WI,2017,Rel_accident,1030.1126246655315
687,WA,2017,Rel_accident,311.8495431691626
688,MD,2017,Rel_accident,350.82270480512113
689,AR,2017,Rel_accident,18040.776119402984
690,KS,2017,Rel_accident,1168.6062176165804
691,OR,2017,Rel_accident,471.35093117408906
692,MN,2017,Rel_accident,325.3608395629672
693,NM,2017,Rel_accident,1292.3350877192981
694,MA,2017,Rel_accident,545.5644483749724
695,IA,2017,Rel_accident,744.9698275862069
696,NV,2017,Rel_accident,766.0962460063897
697,WV,2017,Rel_accident,1641.1228571428571
698,CT,2017,Rel_accident,383.71314150103825
699,UT,2017,Rel_accident,428.9288478073947
700,ID,2017,Rel_accident,3234.6929347826085
701,NE,2017,Rel_accident,226.4193132355312
702,MT,2017,Rel_accident,6069.616541353384
703,ME,2017,Rel_accident,1747.3824027072758
704,DE,2017,Rel_accident,864.7721661054994
705,SD,2017,Rel_accident,52375.5
706,ND,2017,Rel_accident,140416.75
707,WY,2017,Rel_accident,3772.0089285714284
708,NH,2017,Rel_accident,542.0550098231827
709,HI,2017,Rel_accident,
710,RI,2017,Rel_accident,262.8977312390925
711,AK,2017,Rel_accident,
712,VT,2017,Rel_accident,3614.4967741935484
713,DC,2017,Rel_accident,682.9043250327654
714,CA,2018,Rel_accident,172.33744215987457
715,TX,2018,Rel_accident,206.51737584858105
716,FL,2018,Rel_accident,233.63425609218467
717,GA,2018,Rel_accident,291.0333306268269
718,NC,2018,Rel_accident,133.4689666204543
719,PA,2018,Rel_accident,404.47008547008545
720,OH,2018,Rel_accident,454.8765502010306
721,TN,2018,Rel_accident,221.5587562311024
722,SC,2018,Rel_accident,68.2435324177579
723,IL,2018,Rel_accident,361.7896047824643
724,AZ,2018,Rel_accident,232.75654012155377
725,NY,2018,Rel_accident,320.4825229960578
726,MI,2018,Rel_accident,294.086125385406
727,AL,2018,Rel_accident,283.62106382978726
728,MO,2018,Rel_accident,486.39271485486626
729,VA,2018,Rel_accident,219.24457345708686
730,IN,2018,Rel_accident,334.7975634665888
731,LA,2018,Rel_accident,167.66691140479688
732,KY,2018,Rel_accident,381.35437625754525
733,OK,2018,Rel_accident,122.23023233112066
734,MS,2018,Rel_accident,810.569515557306
735,CO,2018,Rel_accident,300.00091879284753
736,WI,2018,Rel_accident,850.9964278626711
737,NJ,2018,Rel_accident,423.1404936624416
738,WA,2018,Rel_accident,311.3130530973451
739,MD,2018,Rel_accident,264.5618477175787
740,AR,2018,Rel_accident,3587.515050167224
741,OR,2018,Rel_accident,130.13774422735347
742,KS,2018,Rel_accident,893.3624272651704
743,NM,2018,Rel_accident,690.545928030303
744,MN,2018,Rel_accident,167.65002224749097
745,MA,2018,Rel_accident,524.5216930094409
746,NV,2018,Rel_accident,744.819001126549
747,IA,2018,Rel_accident,910.2984293193717
748,CT,2018,Rel_accident,405.7953589783523
749,WV,2018,Rel_accident,1694.150521609538
750,UT,2018,Rel_accident,181.51819075712882
751,ID,2018,Rel_accident,2989.343675417661
752,NE,2018,Rel_accident,242.78923076923076
753,MT,2018,Rel_accident,5303.973684210527
754,NH,2018,Rel_accident,462.6304261250498
755,ME,2018,Rel_accident,1480.2019914651494
756,HI,2018,Rel_accident,
757,SD,2018,Rel_accident,49109.846153846156
758,DE,2018,Rel_accident,478.40875912408757
759,WY,2018,Rel_accident,2117.4545454545455
760,ND,2018,Rel_accident,29543.842105263157
761,AK,2018,Rel_accident,
762,VT,2018,Rel_accident,3004.744680851064
763,RI,2018,Rel_accident,232.26940779380178
764,DC,2018,Rel_accident,552.5979057591624
765,CA,2019,Rel_accident,127.49127450750744
766,TX,2019,Rel_accident,226.41276455194492
767,FL,2019,Rel_accident,257.997910898148
768,GA,2019,Rel_accident,306.1500126486213
769,NC,2019,Rel_accident,165.65579686514926
770,TN,2019,Rel_accident,226.49505559498462
771,OH,2019,Rel_accident,606.9355496788818
772,PA,2019,Rel_accident,447.1480597014925
773,IL,2019,Rel_accident,428.0100155240623
774,SC,2019,Rel_accident,65.73161347187146
775,AZ,2019,Rel_accident,218.8923315259489
776,MI,2019,Rel_accident,350.76100196463653
777,NY,2019,Rel_accident,283.80757325389254
778,AL,2019,Rel_accident,209.2811622829816
779,MO,2019,Rel_accident,468.0158764918428
780,VA,2019,Rel_accident,228.98794431049234
781,IN,2019,Rel_accident,590.5050180133813
782,LA,2019,Rel_accident,180.98883034773445
783,KY,2019,Rel_accident,443.5493266978923
784,OK,2019,Rel_accident,123.15920519455157
785,MS,2019,Rel_accident,1037.3165322580646
786,CO,2019,Rel_accident,240.37366628830873
787,WI,2019,Rel_accident,623.6966177964872
788,NJ,2019,Rel_accident,489.89191888154863
789,WA,2019,Rel_accident,388.03750509580107
790,MD,2019,Rel_accident,358.19788155994223
791,AR,2019,Rel_accident,2173.4904137235117
792,OR,2019,Rel_accident,72.8679547550852
793,NM,2019,Rel_accident,897.0983910891089
794,KS,2019,Rel_accident,1079.829573934837
795,MN,2019,Rel_accident,144.32488938426724
796,MA,2019,Rel_accident,529.4743822868757
797,IA,2019,Rel_accident,800.2923997185081
798,NV,2019,Rel_accident,684.578807064312
799,WV,2019,Rel_accident,2389.828752642706
800,CT,2019,Rel_accident,477.92944841487997
801,UT,2019,Rel_accident,85.6628972981705
802,NE,2019,Rel_accident,308.0340150699677
803,ID,2019,Rel_accident,2260.8935018050543
804,MT,2019,Rel_accident,5171.025477707007
805,ME,2019,Rel_accident,1644.8569182389938
806,DE,2019,Rel_accident,501.56111111111113
807,WY,2019,Rel_accident,3786.7410714285716
808,HI,2019,Rel_accident,
809,ND,2019,Rel_accident,32709.647058823528
810,NH,2019,Rel_accident,538.625957638576
811,SD,2019,Rel_accident,24024.555555555555
812,AK,2019,Rel_accident,
813,RI,2019,Rel_accident,255.72782258064515
814,VT,2019,Rel_accident,2100.5911111111113
815,DC,2019,Rel_accident,360.17417619367853
816,CA,2020,Rel_accident,94.5788983371391
817,TX,2020,Rel_accident,240.40712769431744
818,FL,2020,Rel_accident,120.5517942345162
819,GA,2020,Rel_accident,321.0718401844026
820,NC,2020,Rel_accident,157.04151502066497
821,OH,2020,Rel_accident,469.8534222737819
822,TN,2020,Rel_accident,171.35467097635527
823,IL,2020,Rel_accident,328.9198224497141
824,PA,2020,Rel_accident,206.7812869017574
825,MI,2020,Rel_accident,445.7685719723403
826,AZ,2020,Rel_accident,192.36482139834095
827,SC,2020,Rel_accident,62.20693115036073
828,NY,2020,Rel_accident,249.85882593996516
829,MO,2020,Rel_accident,410.6895487851909
830,AL,2020,Rel_accident,200.29229625959871
831,IN,2020,Rel_accident,580.6697412246989
832,VA,2020,Rel_accident,131.90447068276677
833,LA,2020,Rel_accident,129.70343937438312
834,KY,2020,Rel_accident,521.8448275862069
835,MS,2020,Rel_accident,999.064388311045
836,OK,2020,Rel_accident,187.67917586460632
837,AR,2020,Rel_accident,697.0644012944983
838,CO,2020,Rel_accident,309.5577075383397
839,WI,2020,Rel_accident,1097.3536740401728
840,NJ,2020,Rel_accident,335.175470683163
841,MD,2020,Rel_accident,182.91922302985503
842,WA,2020,Rel_accident,439.9742638710166
843,OR,2020,Rel_accident,85.4762568210844
844,KS,2020,Rel_accident,758.0567322239032
845,MN,2020,Rel_accident,104.36210547801903
846,NM,2020,Rel_accident,1025.91852367688
847,MA,2020,Rel_accident,445.0385550851275
848,IA,2020,Rel_accident,621.7911756645657
849,NV,2020,Rel_accident,842.0941850941851
850,CT,2020,Rel_accident,268.56546408307463
851,UT,2020,Rel_accident,132.76716897233203
852,WV,2020,Rel_accident,940.8838599487617
853,NE,2020,Rel_accident,577.14440433213
854,MT,2020,Rel_accident,337.45061224489797
855,ID,2020,Rel_accident,554.2608883139284
856,ME,2020,Rel_accident,3729.1565836298932
857,SD,2020,Rel_accident,4113.06875
858,WY,2020,Rel_accident,14732.172413793103
859,DE,2020,Rel_accident,334.635189669088
860,NH,2020,Rel_accident,708.8108288770053
861,ND,2020,Rel_accident,1350.892230576441
862,HI,2020,Rel_accident,
863,RI,2020,Rel_accident,306.5416841223293
864,VT,2020,Rel_accident,2477.8010752688174
865,AK,2020,Rel_accident,
866,DC,2020,Rel_accident,197.89703647416414
867,TX,2021,Rel_accident,179.69066090543063
868,CA,2021,Rel_accident,79.30534755291391
869,FL,2021,Rel_accident,67.09794354302434
870,GA,2021,Rel_accident,372.9184467909104
871,NC,2021,Rel_accident,118.10051711026615
872,OH,2021,Rel_accident,582.1184820801125
873,TN,2021,Rel_accident,127.69740766230787
874,IL,2021,Rel_accident,293.977753567161
875,PA,2021,Rel_accident,127.21714205816555
876,SC,2021,Rel_accident,50.10494532397585
877,NY,2021,Rel_accident,214.1528213448711
878,MI,2021,Rel_accident,337.12606639074244
879,AZ,2021,Rel_accident,175.21439153439152
880,MO,2021,Rel_accident,272.96820329459837
881,VA,2021,Rel_accident,87.24831779010742
882,LA,2021,Rel_accident,101.1127680225889
883,AL,2021,Rel_accident,172.77060825180774
884,IN,2021,Rel_accident,346.5994318181818
885,KY,2021,Rel_accident,625.4629590766002
886,MS,2021,Rel_accident,590.7512351060739
887,OK,2021,Rel_accident,282.51479225581903
888,NJ,2021,Rel_accident,257.52002550512094
889,CO,2021,Rel_accident,381.0977021423635
890,AR,2021,Rel_accident,312.4215872156013
891,WA,2021,Rel_accident,364.66221338470143
892,WI,2021,Rel_accident,1432.624092409241
893,OR,2021,Rel_accident,79.25275300149093
894,MD,2021,Rel_accident,138.08220072777036
895,MN,2021,Rel_accident,96.91184244380511
896,NM,2021,Rel_accident,630.2103242320819
897,MA,2021,Rel_accident,427.4189637124913
898,KS,2021,Rel_accident,526.3745591939546
899,NV,2021,Rel_accident,505.69174700211613
900,IA,2021,Rel_accident,337.41260250323694
901,UT,2021,Rel_accident,112.4921257835992
902,CT,2021,Rel_accident,161.16720257234726
903,WV,2021,Rel_accident,299.3924250394529
904,ID,2021,Rel_accident,282.06025614108756
905,MT,2021,Rel_accident,91.95963933018463
906,NE,2021,Rel_accident,625.3116036505867
907,ME,2021,Rel_accident,4347.880658436214
908,DE,2021,Rel_accident,215.3017000761228
909,SD,2021,Rel_accident,20973.40625
910,NH,2021,Rel_accident,1041.5124113475176
911,WY,2021,Rel_accident,578.5913978494624
912,HI,2021,Rel_accident,
913,ND,2021,Rel_accident,359.5297580117724
914,VT,2021,Rel_accident,4013.880341880342
915,RI,2021,Rel_accident,311.1369072164948
916,AK,2021,Rel_accident,
917,DC,2021,Rel_accident,109.06830309498399
918,CA,2016,Fatalities,3569.0
919,TX,2016,Fatalities,3352.0
920,FL,2016,Fatalities,2925.0
921,GA,2016,Fatalities,1440.0
922,NC,2016,Fatalities,1306.0
923,OH,2016,Fatalities,1094.0
924,PA,2016,Fatalities,1083.0
925,IL,2016,Fatalities,998.0
926,TN,2016,Fatalities,942.0
927,MI,2016,Fatalities,940.0
928,NY,2016,Fatalities,939.0
929,SC,2016,Fatalities,925.0
930,AZ,2016,Fatalities,917.0
931,MO,2016,Fatalities,865.0
932,AL,2016,Fatalities,864.0
933,IN,2016,Fatalities,838.0
934,VA,2016,Fatalities,783.0
935,KY,2016,Fatalities,721.0
936,LA,2016,Fatalities,705.0
937,OK,2016,Fatalities,613.0
938,MS,2016,Fatalities,609.0
939,CO,2016,Fatalities,600.0
940,NJ,2016,Fatalities,591.0
941,WI,2016,Fatalities,557.0
942,WA,2016,Fatalities,534.0
943,MD,2016,Fatalities,518.0
944,AR,2016,Fatalities,486.0
945,KS,2016,Fatalities,407.0
946,OR,2016,Fatalities,403.0
947,MN,2016,Fatalities,341.0
948,NM,2016,Fatalities,341.0
949,MA,2016,Fatalities,333.0
950,IA,2016,Fatalities,301.0
951,NV,2016,Fatalities,292.0
952,WV,2016,Fatalities,280.0
953,CT,2016,Fatalities,263.0
954,UT,2016,Fatalities,247.0
955,ID,2016,Fatalities,224.0
956,NE,2016,Fatalities,210.0
957,MT,2016,Fatalities,169.0
958,ME,2016,Fatalities,163.0
959,DE,2016,Fatalities,112.0
960,SD,2016,Fatalities,111.0
961,ND,2016,Fatalities,106.0
962,WY,2016,Fatalities,105.0
963,NH,2016,Fatalities,98.0
964,HI,2016,Fatalities,96.0
965,RI,2016,Fatalities,77.0
966,AK,2016,Fatalities,75.0
967,VT,2016,Fatalities,63.0
968,DC,2016,Fatalities,29.0
969,CA,2017,Fatalities,3569.0
970,TX,2017,Fatalities,3352.0
971,FL,2017,Fatalities,2925.0
972,GA,2017,Fatalities,1440.0
973,NC,2017,Fatalities,1306.0
974,OH,2017,Fatalities,1094.0
975,PA,2017,Fatalities,1083.0
976,IL,2017,Fatalities,998.0
977,TN,2017,Fatalities,942.0
978,MI,2017,Fatalities,940.0
979,NY,2017,Fatalities,939.0
980,SC,2017,Fatalities,925.0
981,AZ,2017,Fatalities,917.0
982,MO,2017,Fatalities,865.0
983,AL,2017,Fatalities,864.0
984,IN,2017,Fatalities,838.0
985,VA,2017,Fatalities,783.0
986,KY,2017,Fatalities,721.0
987,LA,2017,Fatalities,705.0
988,OK,2017,Fatalities,613.0
989,MS,2017,Fatalities,609.0
990,CO,2017,Fatalities,600.0
991,NJ,2017,Fatalities,591.0
992,WI,2017,Fatalities,557.0
993,WA,2017,Fatalities,534.0
994,MD,2017,Fatalities,518.0
995,AR,2017,Fatalities,486.0
996,KS,2017,Fatalities,407.0
997,OR,2017,Fatalities,403.0
998,MN,2017,Fatalities,341.0
999,NM,2017,Fatalities,341.0
1000,MA,2017,Fatalities,333.0
1001,IA,2017,Fatalities,301.0
1002,NV,2017,Fatalities,292.0
1003,WV,2017,Fatalities,280.0
1004,CT,2017,Fatalities,263.0
1005,UT,2017,Fatalities,247.0
1006,ID,2017,Fatalities,224.0
1007,NE,2017,Fatalities,210.0
1008,MT,2017,Fatalities,169.0
1009,ME,2017,Fatalities,163.0
1010,DE,2017,Fatalities,112.0
1011,SD,2017,Fatalities,111.0
1012,ND,2017,Fatalities,106.0
1013,WY,2017,Fatalities,105.0
1014,NH,2017,Fatalities,98.0
1015,HI,2017,Fatalities,96.0
1016,RI,2017,Fatalities,77.0
1017,AK,2017,Fatalities,75.0
1018,VT,2017,Fatalities,63.0
1019,DC,2017,Fatalities,29.0
1020,CA,2018,Fatalities,3485.0
1021,TX,2018,Fatalities,3311.0
1022,FL,2018,Fatalities,2917.0
1023,GA,2018,Fatalities,1408.0
1024,NC,2018,Fatalities,1321.0
1025,PA,2018,Fatalities,1103.0
1026,OH,2018,Fatalities,996.0
1027,TN,2018,Fatalities,973.0
1028,SC,2018,Fatalities,969.0
1029,IL,2018,Fatalities,951.0
1030,AZ,2018,Fatalities,918.0
1031,NY,2018,Fatalities,910.0
1032,MI,2018,Fatalities,907.0
1033,AL,2018,Fatalities,876.0
1034,MO,2018,Fatalities,848.0
1035,VA,2018,Fatalities,778.0
1036,IN,2018,Fatalities,776.0
1037,LA,2018,Fatalities,719.0
1038,KY,2018,Fatalities,664.0
1039,OK,2018,Fatalities,603.0
1040,MS,2018,Fatalities,596.0
1041,CO,2018,Fatalities,588.0
1042,WI,2018,Fatalities,531.0
1043,NJ,2018,Fatalities,524.0
1044,WA,2018,Fatalities,490.0
1045,MD,2018,Fatalities,485.0
1046,AR,2018,Fatalities,476.0
1047,OR,2018,Fatalities,446.0
1048,KS,2018,Fatalities,367.0
1049,NM,2018,Fatalities,351.0
1050,MN,2018,Fatalities,349.0
1051,MA,2018,Fatalities,338.0
1052,NV,2018,Fatalities,299.0
1053,IA,2018,Fatalities,291.0
1054,CT,2018,Fatalities,275.0
1055,WV,2018,Fatalities,265.0
1056,UT,2018,Fatalities,237.0
1057,ID,2018,Fatalities,215.0
1058,NE,2018,Fatalities,201.0
1059,MT,2018,Fatalities,167.0
1060,NH,2018,Fatalities,134.0
1061,ME,2018,Fatalities,127.0
1062,HI,2018,Fatalities,110.0
1063,SD,2018,Fatalities,110.0
1064,DE,2018,Fatalities,104.0
1065,WY,2018,Fatalities,100.0
1066,ND,2018,Fatalities,95.0
1067,AK,2018,Fatalities,69.0
1068,VT,2018,Fatalities,60.0
1069,RI,2018,Fatalities,56.0
1070,DC,2018,Fatalities,30.0
1071,CA,2019,Fatalities,3427.0
1072,TX,2019,Fatalities,3296.0
1073,FL,2019,Fatalities,2952.0
1074,GA,2019,Fatalities,1378.0
1075,NC,2019,Fatalities,1358.0
1076,TN,2019,Fatalities,1041.0
1077,OH,2019,Fatalities,1039.0
1078,PA,2019,Fatalities,990.0
1079,IL,2019,Fatalities,938.0
1080,SC,2019,Fatalities,927.0
1081,AZ,2019,Fatalities,908.0
1082,MI,2019,Fatalities,903.0
1083,NY,2019,Fatalities,879.0
1084,AL,2019,Fatalities,856.0
1085,MO,2019,Fatalities,819.0
1086,VA,2019,Fatalities,774.0
1087,IN,2019,Fatalities,752.0
1088,LA,2019,Fatalities,681.0
1089,KY,2019,Fatalities,667.0
1090,OK,2019,Fatalities,584.0
1091,MS,2019,Fatalities,580.0
1092,CO,2019,Fatalities,545.0
1093,WI,2019,Fatalities,527.0
1094,NJ,2019,Fatalities,524.0
1095,WA,2019,Fatalities,513.0
1096,MD,2019,Fatalities,496.0
1097,AR,2019,Fatalities,473.0
1098,OR,2019,Fatalities,455.0
1099,NM,2019,Fatalities,369.0
1100,KS,2019,Fatalities,361.0
1101,MN,2019,Fatalities,333.0
1102,MA,2019,Fatalities,323.0
1103,IA,2019,Fatalities,313.0
1104,NV,2019,Fatalities,285.0
1105,WV,2019,Fatalities,247.0
1106,CT,2019,Fatalities,233.0
1107,UT,2019,Fatalities,225.0
1108,NE,2019,Fatalities,212.0
1109,ID,2019,Fatalities,201.0
1110,MT,2019,Fatalities,166.0
1111,ME,2019,Fatalities,143.0
1112,DE,2019,Fatalities,122.0
1113,WY,2019,Fatalities,120.0
1114,HI,2019,Fatalities,102.0
1115,ND,2019,Fatalities,91.0
1116,NH,2019,Fatalities,90.0
1117,SD,2019,Fatalities,88.0
1118,AK,2019,Fatalities,62.0
1119,RI,2019,Fatalities,53.0
1120,VT,2019,Fatalities,44.0
1121,DC,2019,Fatalities,22.0
1122,CA,2020,Fatalities,3673.0
1123,TX,2020,Fatalities,3522.0
1124,FL,2020,Fatalities,3097.0
1125,GA,2020,Fatalities,1517.0
1126,NC,2020,Fatalities,1415.0
1127,OH,2020,Fatalities,1154.0
1128,TN,2020,Fatalities,1119.0
1129,IL,2020,Fatalities,1086.0
1130,PA,2020,Fatalities,1060.0
1131,MI,2020,Fatalities,1013.0
1132,AZ,2020,Fatalities,966.0
1133,SC,2020,Fatalities,964.0
1134,NY,2020,Fatalities,958.0
1135,MO,2020,Fatalities,914.0
1136,AL,2020,Fatalities,852.0
1137,IN,2020,Fatalities,815.0
1138,VA,2020,Fatalities,796.0
1139,LA,2020,Fatalities,762.0
1140,KY,2020,Fatalities,709.0
1141,MS,2020,Fatalities,685.0
1142,OK,2020,Fatalities,600.0
1143,AR,2020,Fatalities,598.0
1144,CO,2020,Fatalities,574.0
1145,WI,2020,Fatalities,559.0
1146,NJ,2020,Fatalities,549.0
1147,MD,2020,Fatalities,546.0
1148,WA,2020,Fatalities,539.0
1149,OR,2020,Fatalities,460.0
1150,KS,2020,Fatalities,382.0
1151,MN,2020,Fatalities,369.0
1152,NM,2020,Fatalities,365.0
1153,MA,2020,Fatalities,327.0
1154,IA,2020,Fatalities,310.0
1155,NV,2020,Fatalities,309.0
1156,CT,2020,Fatalities,284.0
1157,UT,2020,Fatalities,256.0
1158,WV,2020,Fatalities,249.0
1159,NE,2020,Fatalities,217.0
1160,MT,2020,Fatalities,190.0
1161,ID,2020,Fatalities,188.0
1162,ME,2020,Fatalities,151.0
1163,SD,2020,Fatalities,132.0
1164,WY,2020,Fatalities,114.0
1165,DE,2020,Fatalities,104.0
1166,NH,2020,Fatalities,98.0
1167,ND,2020,Fatalities,96.0
1168,HI,2020,Fatalities,81.0
1169,RI,2020,Fatalities,66.0
1170,VT,2020,Fatalities,58.0
1171,AK,2020,Fatalities,53.0
1172,DC,2020,Fatalities,34.0
1173,TX,2021,Fatalities,4068.0
1174,CA,2021,Fatalities,3983.0
1175,FL,2021,Fatalities,3451.0
1176,GA,2021,Fatalities,1670.0
1177,NC,2021,Fatalities,1535.0
1178,OH,2021,Fatalities,1242.0
1179,TN,2021,Fatalities,1229.0
1180,IL,2021,Fatalities,1210.0
1181,PA,2021,Fatalities,1153.0
1182,SC,2021,Fatalities,1112.0
1183,NY,2021,Fatalities,1099.0
1184,MI,2021,Fatalities,1072.0
1185,AZ,2021,Fatalities,1063.0
1186,MO,2021,Fatalities,931.0
1187,VA,2021,Fatalities,906.0
1188,LA,2021,Fatalities,887.0
1189,AL,2021,Fatalities,885.0
1190,IN,2021,Fatalities,863.0
1191,KY,2021,Fatalities,734.0
1192,MS,2021,Fatalities,697.0
1193,OK,2021,Fatalities,681.0
1194,NJ,2021,Fatalities,669.0
1195,CO,2021,Fatalities,638.0
1196,AR,2021,Fatalities,631.0
1197,WA,2021,Fatalities,603.0
1198,WI,2021,Fatalities,572.0
1199,OR,2021,Fatalities,552.0
1200,MD,2021,Fatalities,522.0
1201,MN,2021,Fatalities,451.0
1202,NM,2021,Fatalities,427.0
1203,MA,2021,Fatalities,397.0
1204,KS,2021,Fatalities,381.0
1205,NV,2021,Fatalities,360.0
1206,IA,2021,Fatalities,329.0
1207,UT,2021,Fatalities,293.0
1208,CT,2021,Fatalities,283.0
1209,WV,2021,Fatalities,257.0
1210,ID,2021,Fatalities,244.0
1211,MT,2021,Fatalities,222.0
1212,NE,2021,Fatalities,192.0
1213,ME,2021,Fatalities,135.0
1214,DE,2021,Fatalities,132.0
1215,SD,2021,Fatalities,131.0
1216,NH,2021,Fatalities,106.0
1217,WY,2021,Fatalities,102.0
1218,HI,2021,Fatalities,94.0
1219,ND,2021,Fatalities,85.0
1220,VT,2021,Fatalities,69.0
1221,RI,2021,Fatalities,61.0
1222,AK,2021,Fatalities,59.0
1223,DC,2021,Fatalities,40.0
1224,CA,2016,Rel_Fatality,7340.833847015971
1225,TX,2016,Rel_Fatality,4821.713007159905
1226,FL,2016,Rel_Fatality,5017.148717948718
1227,GA,2016,Rel_Fatality,4844.375
1228,NC,2016,Rel_Fatality,5564.350689127105
1229,OH,2016,Rel_Fatality,7289.717550274223
1230,PA,2016,Rel_Fatality,8307.308402585411
1231,IL,2016,Rel_Fatality,8531.70741482966
1232,TN,2016,Rel_Fatality,5517.944798301486
1233,MI,2016,Rel_Fatality,7526.248936170213
1234,NY,2016,Rel_Fatality,12723.714589989351
1235,SC,2016,Rel_Fatality,4050.465945945946
1236,AZ,2016,Rel_Fatality,5542.3173391494
1237,MO,2016,Rel_Fatality,4912.808092485549
1238,AL,2016,Rel_Fatality,4563.752314814815
1239,IN,2016,Rel_Fatality,5433.483293556086
1240,VA,2016,Rel_Fatality,7550.508301404853
1241,KY,2016,Rel_Fatality,4204.50346740638
1242,LA,2016,Rel_Fatality,4815.737588652482
1243,OK,2016,Rel_Fatality,4075.331158238173
1244,MS,2016,Rel_Fatality,3315.0443349753696
1245,CO,2016,Rel_Fatality,6777.633333333333
1246,NJ,2016,Rel_Fatality,10555.729272419629
1247,WI,2016,Rel_Fatality,7552.549371633752
1248,WA,2016,Rel_Fatality,10553.7734082397
1249,MD,2016,Rel_Fatality,8233.349420849421
1250,AR,2016,Rel_Fatality,4919.965020576132
1251,KS,2016,Rel_Fatality,4987.776412776413
1252,OR,2016,Rel_Fatality,7086.218362282879
1253,MN,2016,Rel_Fatality,9905.894428152493
1254,NM,2016,Rel_Fatality,4462.712609970675
1255,MA,2016,Rel_Fatality,15137.123123123123
1256,IA,2016,Rel_Fatality,7460.598006644518
1257,NV,2016,Rel_Fatality,6412.246575342466
1258,WV,2016,Rel_Fatality,4140.528571428571
1259,CT,2016,Rel_Fatality,9927.783269961978
1260,UT,2016,Rel_Fatality,7936.704453441295
1261,ID,2016,Rel_Fatality,5182.6875
1262,NE,2016,Rel_Fatality,6687.995238095238
1263,MT,2016,Rel_Fatality,4716.834319526627
1264,ME,2016,Rel_Fatality,6265.840490797546
1265,DE,2016,Rel_Fatality,6752.928571428572
1266,SD,2016,Rel_Fatality,5609.576576576576
1267,ND,2016,Rel_Fatality,5244.669811320755
1268,WY,2016,Rel_Fatality,4010.457142857143
1269,NH,2016,Rel_Fatality,11186.061224489797
1270,HI,2016,Rel_Fatality,
1271,RI,2016,Rel_Fatality,9781.077922077922
1272,AK,2016,Rel_Fatality,
1273,VT,2016,Rel_Fatality,8788.412698412698
1274,DC,2016,Rel_Fatality,16890.724137931036
1275,CA,2017,Rel_Fatality,7502.698795180723
1276,TX,2017,Rel_Fatality,5101.2350835322195
1277,FL,2017,Rel_Fatality,5154.310427350428
1278,GA,2017,Rel_Fatality,4903.016666666666
1279,NC,2017,Rel_Fatality,5658.0911179173045
1280,OH,2017,Rel_Fatality,7323.31352833638
1281,PA,2017,Rel_Fatality,8277.797783933518
1282,IL,2017,Rel_Fatality,8546.496993987976
1283,TN,2017,Rel_Fatality,5708.761146496815
1284,MI,2017,Rel_Fatality,7548.7
1285,NY,2017,Rel_Fatality,12976.904153354633
1286,SC,2017,Rel_Fatality,4119.958918918919
1287,AZ,2017,Rel_Fatality,5632.460196292257
1288,MO,2017,Rel_Fatality,4941.9468208092485
1289,AL,2017,Rel_Fatality,4576.826388888889
1290,IN,2017,Rel_Fatality,5433.871121718377
1291,VA,2017,Rel_Fatality,7568.876117496807
1292,KY,2017,Rel_Fatality,4187.251040221914
1293,LA,2017,Rel_Fatality,4859.086524822695
1294,OK,2017,Rel_Fatality,4088.073409461664
1295,MS,2017,Rel_Fatality,3372.617405582923
1296,CO,2017,Rel_Fatality,6926.8966666666665
1297,NJ,2017,Rel_Fatality,10662.204737732656
1298,WI,2017,Rel_Fatality,7602.859964093357
1299,WA,2017,Rel_Fatality,10802.024344569289
1300,MD,2017,Rel_Fatality,8358.1138996139
1301,AR,2017,Rel_Fatality,4974.205761316873
1302,KS,2017,Rel_Fatality,4987.393120393121
1303,OR,2017,Rel_Fatality,7222.312655086848
1304,MN,2017,Rel_Fatality,9955.469208211143
1305,NM,2017,Rel_Fatality,4320.41642228739
1306,MA,2017,Rel_Fatality,14820.348348348349
1307,IA,2017,Rel_Fatality,7464.548172757475
1308,NV,2017,Rel_Fatality,6569.537671232877
1309,WV,2017,Rel_Fatality,4102.807142857143
1310,CT,2017,Rel_Fatality,9836.479087452472
1311,UT,2017,Rel_Fatality,8078.44939271255
1312,ID,2017,Rel_Fatality,5314.138392857143
1313,NE,2017,Rel_Fatality,6687.995238095238
1314,MT,2017,Rel_Fatality,4776.680473372781
1315,ME,2017,Rel_Fatality,6335.601226993865
1316,DE,2017,Rel_Fatality,6879.571428571428
1317,SD,2017,Rel_Fatality,5662.216216216216
1318,ND,2017,Rel_Fatality,5298.745283018868
1319,WY,2017,Rel_Fatality,4023.4761904761904
1320,NH,2017,Rel_Fatality,11261.469387755102
1321,HI,2017,Rel_Fatality,
1322,RI,2017,Rel_Fatality,9781.844155844155
1323,AK,2017,Rel_Fatality,
1324,VT,2017,Rel_Fatality,8892.809523809523
1325,DC,2017,Rel_Fatality,17967.44827586207
1326,CA,2018,Rel_Fatality,7758.794835007174
1327,TX,2018,Rel_Fatality,5246.2648746602235
1328,FL,2018,Rel_Fatality,5268.66472403154
1329,GA,2018,Rel_Fatality,5091.4296875
1330,NC,2018,Rel_Fatality,5684.504920514762
1331,PA,2018,Rel_Fatality,8151.740707162285
1332,OH,2018,Rel_Fatality,8064.924698795181
1333,TN,2018,Rel_Fatality,5572.897225077081
1334,SC,2018,Rel_Fatality,3969.111455108359
1335,IL,2018,Rel_Fatality,9163.814931650893
1336,AZ,2018,Rel_Fatality,5757.047930283225
1337,NY,2018,Rel_Fatality,13400.395604395604
1338,MI,2018,Rel_Fatality,7887.149944873208
1339,AL,2018,Rel_Fatality,4565.1335616438355
1340,MO,2018,Rel_Fatality,5038.867924528302
1341,VA,2018,Rel_Fatality,7620.862467866324
1342,IN,2018,Rel_Fatality,5914.181701030928
1343,LA,2018,Rel_Fatality,4764.1655076495135
1344,KY,2018,Rel_Fatality,4567.063253012048
1345,OK,2018,Rel_Fatality,4152.9900497512435
1346,MS,2018,Rel_Fatality,3453.0805369127515
1347,CO,2018,Rel_Fatality,7218.899659863946
1348,WI,2018,Rel_Fatality,8075.6516007532955
1349,NJ,2018,Rel_Fatality,12104.725190839694
1350,WA,2018,Rel_Fatality,12061.157142857142
1351,MD,2018,Rel_Fatality,6010.736082474226
1352,AR,2018,Rel_Fatality,4507.004201680672
1353,OR,2018,Rel_Fatality,6571.08071748879
1354,KS,2018,Rel_Fatality,5856.757493188011
1355,NM,2018,Rel_Fatality,4155.079772079772
1356,MN,2018,Rel_Fatality,9716.49570200573
1357,MA,2018,Rel_Fatality,14629.189349112426
1358,NV,2018,Rel_Fatality,6633.6220735785955
1359,IA,2018,Rel_Fatality,7767.254295532646
1360,CT,2018,Rel_Fatality,9474.952727272726
1361,WV,2018,Rel_Fatality,4289.7169811320755
1362,UT,2018,Rel_Fatality,8568.118143459915
1363,ID,2018,Rel_Fatality,5825.7441860465115
1364,NE,2018,Rel_Fatality,7066.253731343284
1365,MT,2018,Rel_Fatality,4827.568862275449
1366,NH,2018,Rel_Fatality,8669.141791044776
1367,ME,2018,Rel_Fatality,8193.55905511811
1368,HI,2018,Rel_Fatality,
1369,SD,2018,Rel_Fatality,5803.890909090909
1370,DE,2018,Rel_Fatality,7562.538461538462
1371,WY,2018,Rel_Fatality,4192.56
1372,ND,2018,Rel_Fatality,5908.768421052631
1373,AK,2018,Rel_Fatality,
1374,VT,2018,Rel_Fatality,9414.866666666667
1375,RI,2018,Rel_Fatality,13517.25
1376,DC,2018,Rel_Fatality,17591.033333333333
1377,CA,2019,Rel_Fatality,7940.954187335862
1378,TX,2019,Rel_Fatality,5407.390776699029
1379,FL,2019,Rel_Fatality,5271.215447154472
1380,GA,2019,Rel_Fatality,5269.423802612482
1381,NC,2019,Rel_Fatality,5611.193667157585
1382,TN,2019,Rel_Fatality,4598.437079731028
1383,OH,2019,Rel_Fatality,7731.272377285852
1384,PA,2019,Rel_Fatality,9078.460606060606
1385,IL,2019,Rel_Fatality,9111.867803837953
1386,SC,2019,Rel_Fatality,4183.352750809061
1387,AZ,2019,Rel_Fatality,5913.226872246696
1388,MI,2019,Rel_Fatality,7908.631229235881
1389,NY,2019,Rel_Fatality,13872.992036405005
1390,AL,2019,Rel_Fatality,4703.447429906542
1391,MO,2019,Rel_Fatality,5219.034188034188
1392,VA,2019,Rel_Fatality,7607.488372093023
1393,IN,2019,Rel_Fatality,6102.932180851064
1394,LA,2019,Rel_Fatality,5044.299559471366
1395,KY,2019,Rel_Fatality,4543.221889055472
1396,OK,2019,Rel_Fatality,4319.640410958904
1397,MS,2019,Rel_Fatality,3548.3379310344826
1398,CO,2019,Rel_Fatality,7771.346788990826
1399,WI,2019,Rel_Fatality,8153.028462998102
1400,NJ,2019,Rel_Fatality,12170.635496183206
1401,WA,2019,Rel_Fatality,11132.818713450293
1402,MD,2019,Rel_Fatality,8999.72177419355
1403,AR,2019,Rel_Fatality,4553.761099365751
1404,OR,2019,Rel_Fatality,6597.832967032967
1405,NM,2019,Rel_Fatality,3928.756097560976
1406,KS,2019,Rel_Fatality,5967.4792243767315
1407,MN,2019,Rel_Fatality,12831.912912912912
1408,MA,2019,Rel_Fatality,15325.250773993808
1409,IA,2019,Rel_Fatality,7266.552715654952
1410,NV,2019,Rel_Fatality,7208.494736842105
1411,WV,2019,Rel_Fatality,4576.473684210527
1412,CT,2019,Rel_Fatality,11193.394849785407
1413,UT,2019,Rel_Fatality,9427.106666666667
1414,NE,2019,Rel_Fatality,6749.141509433963
1415,ID,2019,Rel_Fatality,6231.517412935324
1416,MT,2019,Rel_Fatality,4890.668674698795
1417,ME,2019,Rel_Fatality,7315.5874125874125
1418,DE,2019,Rel_Fatality,6660.073770491803
1419,WY,2019,Rel_Fatality,3534.2916666666665
1420,HI,2019,Rel_Fatality,
1421,ND,2019,Rel_Fatality,6110.593406593406
1422,NH,2019,Rel_Fatality,13280.122222222222
1423,SD,2019,Rel_Fatality,7371.170454545455
1424,AK,2019,Rel_Fatality,
1425,RI,2019,Rel_Fatality,14359.358490566037
1426,VT,2019,Rel_Fatality,10741.65909090909
1427,DC,2019,Rel_Fatality,24344.5
1428,CA,2020,Rel_Fatality,7352.382793356929
1429,TX,2020,Rel_Fatality,5016.195059625213
1430,FL,2020,Rel_Fatality,5074.38585728124
1431,GA,2020,Rel_Fatality,4958.305866842452
1432,NC,2020,Rel_Fatality,5397.455830388692
1433,OH,2020,Rel_Fatality,7019.300693240902
1434,TN,2020,Rel_Fatality,4358.595174262735
1435,IL,2020,Rel_Fatality,7573.939226519337
1436,PA,2020,Rel_Fatality,8425.166981132075
1437,MI,2020,Rel_Fatality,6936.475814412635
1438,AZ,2020,Rel_Fatality,5881.46480331263
1439,SC,2020,Rel_Fatality,4051.77489626556
1440,NY,2020,Rel_Fatality,12728.977035490605
1441,MO,2020,Rel_Fatality,4660.472647702407
1442,AL,2020,Rel_Fatality,4745.18779342723
1443,IN,2020,Rel_Fatality,5561.60490797546
1444,VA,2020,Rel_Fatality,7424.266331658291
1445,LA,2020,Rel_Fatality,4483.790026246719
1446,KY,2020,Rel_Fatality,4098.211565585331
1447,MS,2020,Rel_Fatality,2944.687591240876
1448,OK,2020,Rel_Fatality,4250.933333333333
1449,AR,2020,Rel_Fatality,3601.8879598662206
1450,CO,2020,Rel_Fatality,7490.3257839721255
1451,WI,2020,Rel_Fatality,7720.737030411449
1452,NJ,2020,Rel_Fatality,11349.566484517305
1453,MD,2020,Rel_Fatality,8157.996336996337
1454,WA,2020,Rel_Fatality,10783.858998144713
1455,OR,2020,Rel_Fatality,6401.8
1456,KS,2020,Rel_Fatality,5246.863874345549
1457,MN,2020,Rel_Fatality,11084.726287262873
1458,NM,2020,Rel_Fatality,4036.2164383561644
1459,MA,2020,Rel_Fatality,15108.174311926605
1460,IA,2020,Rel_Fatality,7319.083870967742
1461,NV,2020,Rel_Fatality,6654.996763754045
1462,CT,2020,Rel_Fatality,8833.345070422536
1463,UT,2020,Rel_Fatality,8397.5234375
1464,WV,2020,Rel_Fatality,4424.7991967871485
1465,NE,2020,Rel_Fatality,6630.511520737327
1466,MT,2020,Rel_Fatality,4351.336842105263
1467,ID,2020,Rel_Fatality,6836.867021276596
1468,ME,2020,Rel_Fatality,6939.688741721854
1469,SD,2020,Rel_Fatality,4985.537878787879
1470,WY,2020,Rel_Fatality,3747.657894736842
1471,DE,2020,Rel_Fatality,7973.326923076923
1472,NH,2020,Rel_Fatality,10820.214285714286
1473,ND,2020,Rel_Fatality,5614.645833333333
1474,HI,2020,Rel_Fatality,
1475,RI,2020,Rel_Fatality,11086.59090909091
1476,VT,2020,Rel_Fatality,7946.051724137931
1477,AK,2020,Rel_Fatality,
1478,DC,2020,Rel_Fatality,15319.558823529413
1479,TX,2021,Rel_Fatality,4498.008849557522
1480,CA,2021,Rel_Fatality,6807.078835048958
1481,FL,2021,Rel_Fatality,4678.151840046364
1482,GA,2021,Rel_Fatality,4589.12994011976
1483,NC,2021,Rel_Fatality,5058.702931596091
1484,OH,2021,Rel_Fatality,6669.521739130435
1485,TN,2021,Rel_Fatality,4076.238405207486
1486,IL,2021,Rel_Fatality,6913.093388429752
1487,PA,2021,Rel_Fatality,7891.214223764094
1488,SC,2021,Rel_Fatality,3588.946942446043
1489,NY,2021,Rel_Fatality,10808.96906278435
1490,MI,2021,Rel_Fatality,7446.334888059701
1491,AZ,2021,Rel_Fatality,5451.755409219191
1492,MO,2021,Rel_Fatality,4592.081632653061
1493,VA,2021,Rel_Fatality,6526.097130242825
1494,LA,2021,Rel_Fatality,3875.685456595265
1495,AL,2021,Rel_Fatality,4589.646327683616
1496,IN,2021,Rel_Fatality,5372.090382387022
1497,KY,2021,Rel_Fatality,4060.3964577656675
1498,MS,2021,Rel_Fatality,2916.4634146341464
1499,OK,2021,Rel_Fatality,3814.157121879589
1500,NJ,2021,Rel_Fatality,9659.118086696562
1501,CO,2021,Rel_Fatality,6914.713166144201
1502,AR,2021,Rel_Fatality,3655.976228209192
1503,WA,2021,Rel_Fatality,9732.187396351575
1504,WI,2021,Rel_Fatality,7588.900349650349
1505,OR,2021,Rel_Fatality,5488.971014492754
1506,MD,2021,Rel_Fatality,8505.281609195403
1507,MN,2021,Rel_Fatality,9186.855875831485
1508,NM,2021,Rel_Fatality,3459.5152224824355
1509,MA,2021,Rel_Fatality,12342.395465994961
1510,KS,2021,Rel_Fatality,5484.795275590551
1511,NV,2021,Rel_Fatality,5974.186111111111
1512,IA,2021,Rel_Fatality,7128.738601823708
1513,UT,2021,Rel_Fatality,7533.133105802048
1514,CT,2021,Rel_Fatality,9209.879858657243
1515,WV,2021,Rel_Fatality,4429.1439688715955
1516,ID,2021,Rel_Fatality,5505.954918032787
1517,MT,2021,Rel_Fatality,3858.990990990991
1518,NE,2021,Rel_Fatality,7493.96875
1519,ME,2021,Rel_Fatality,7826.185185185185
1520,DE,2021,Rel_Fatality,6428.060606060606
1521,SD,2021,Rel_Fatality,5123.274809160305
1522,NH,2021,Rel_Fatality,11083.264150943396
1523,WY,2021,Rel_Fatality,4220.313725490196
1524,HI,2021,Rel_Fatality,
1525,ND,2021,Rel_Fatality,6467.305882352941
1526,VT,2021,Rel_Fatality,6806.144927536232
1527,RI,2021,Rel_Fatality,12368.967213114754
1528,AK,2021,Rel_Fatality,
1529,DC,2021,Rel_Fatality,12774.625
